{"cameraMode":{"drawMode":0,"name":"Shaded","section":"Shading Mode"},"sceneLighting":false,"audioPlay":false,"sceneViewState":{"showFog":true,"showMaterialUpdate":true,"showSkybox":true,"showFlares":true,"showImageEffects":true,"showParticleSystems":true},"in2DMode":false,"pivot":{"x":-9.20431900024414,"y":-7.228567123413086,"z":7.17814826965332},"rotation":{"x":-0.2389031946659088,"y":0.4211680591106415,"z":-0.11602325737476349,"w":-0.8672361969947815},"size":10.423018455505371,"orthographic":false}