{"cameraMode":{"drawMode":0,"name":"Shaded","section":"Shading Mode"},"sceneLighting":false,"audioPlay":false,"sceneViewState":{"showFog":true,"showMaterialUpdate":true,"showSkybox":false,"showFlares":true,"showImageEffects":true,"showParticleSystems":true},"in2DMode":false,"pivot":{"x":0.002473060041666031,"y":-0.03695005178451538,"z":-0.0856175422668457},"rotation":{"x":-0.1697799563407898,"y":0.6844247579574585,"z":-0.16848336160182954,"w":-0.6889221668243408},"size":1.5709681510925294,"orthographic":false}