{"cameraMode":{"drawMode":0,"name":"Shaded","section":"Shading Mode"},"sceneLighting":false,"audioPlay":false,"sceneViewState":{"showFog":true,"showMaterialUpdate":true,"showSkybox":true,"showFlares":true,"showImageEffects":true,"showParticleSystems":true},"in2DMode":false,"pivot":{"x":0.884465217590332,"y":5.3063645362854,"z":0.22336101531982423},"rotation":{"x":0.14400134980678559,"y":0.54648357629776,"z":-0.09619337320327759,"w":0.8197345733642578},"size":2.505286931991577,"orthographic":false}